{
    "name": "root",
    "gauges": {
        "DefenseAgent.Policy.Entropy.mean": {
            "value": 2.505997896194458,
            "min": 2.4825527667999268,
            "max": 2.5192742347717285,
            "count": 37
        },
        "DefenseAgent.Policy.Entropy.sum": {
            "value": 25095.0625,
            "min": 24544.70703125,
            "max": 25482.205078125,
            "count": 37
        },
        "DefenseAgent.Step.mean": {
            "value": 369992.0,
            "min": 9996.0,
            "max": 369992.0,
            "count": 37
        },
        "DefenseAgent.Step.sum": {
            "value": 369992.0,
            "min": 9996.0,
            "max": 369992.0,
            "count": 37
        },
        "DefenseAgent.Policy.ExtrinsicValueEstimate.mean": {
            "value": 0.2919768691062927,
            "min": 0.049370281398296356,
            "max": 0.32868701219558716,
            "count": 37
        },
        "DefenseAgent.Policy.ExtrinsicValueEstimate.sum": {
            "value": 48.468162536621094,
            "min": 8.146096229553223,
            "max": 54.562042236328125,
            "count": 37
        },
        "DefenseAgent.Environment.EpisodeLength.mean": {
            "value": 360.67857142857144,
            "min": 337.6774193548387,
            "max": 360.67857142857144,
            "count": 37
        },
        "DefenseAgent.Environment.EpisodeLength.sum": {
            "value": 10099.0,
            "min": 8991.0,
            "max": 10468.0,
            "count": 37
        },
        "DefenseAgent.Environment.CumulativeReward.mean": {
            "value": 1.0,
            "min": 0.8064516129032258,
            "max": 1.0,
            "count": 37
        },
        "DefenseAgent.Environment.CumulativeReward.sum": {
            "value": 28.0,
            "min": 23.0,
            "max": 28.0,
            "count": 37
        },
        "DefenseAgent.Policy.ExtrinsicReward.mean": {
            "value": 1.0,
            "min": 0.8064516129032258,
            "max": 1.0,
            "count": 37
        },
        "DefenseAgent.Policy.ExtrinsicReward.sum": {
            "value": 28.0,
            "min": 23.0,
            "max": 28.0,
            "count": 37
        },
        "DefenseAgent.IsTraining.mean": {
            "value": 1.0,
            "min": 1.0,
            "max": 1.0,
            "count": 37
        },
        "DefenseAgent.IsTraining.sum": {
            "value": 1.0,
            "min": 1.0,
            "max": 1.0,
            "count": 37
        },
        "DefenseAgent.Losses.PolicyLoss.mean": {
            "value": 0.015397446496839015,
            "min": 0.01256200660476073,
            "max": 0.02094980196367639,
            "count": 18
        },
        "DefenseAgent.Losses.PolicyLoss.sum": {
            "value": 0.015397446496839015,
            "min": 0.01256200660476073,
            "max": 0.02094980196367639,
            "count": 18
        },
        "DefenseAgent.Losses.ValueLoss.mean": {
            "value": 0.007984664446363846,
            "min": 0.007145707976693908,
            "max": 0.048133814707398415,
            "count": 18
        },
        "DefenseAgent.Losses.ValueLoss.sum": {
            "value": 0.007984664446363846,
            "min": 0.007145707976693908,
            "max": 0.048133814707398415,
            "count": 18
        },
        "DefenseAgent.Policy.LearningRate.mean": {
            "value": 0.00024461296846235004,
            "min": 0.00024461296846235004,
            "max": 0.00029692215102595,
            "count": 18
        },
        "DefenseAgent.Policy.LearningRate.sum": {
            "value": 0.00024461296846235004,
            "min": 0.00024461296846235004,
            "max": 0.00029692215102595,
            "count": 18
        },
        "DefenseAgent.Policy.Epsilon.mean": {
            "value": 0.18153765000000002,
            "min": 0.18153765000000002,
            "max": 0.19897405000000007,
            "count": 18
        },
        "DefenseAgent.Policy.Epsilon.sum": {
            "value": 0.18153765000000002,
            "min": 0.18153765000000002,
            "max": 0.19897405000000007,
            "count": 18
        },
        "DefenseAgent.Policy.Beta.mean": {
            "value": 0.008155611234999999,
            "min": 0.008155611234999999,
            "max": 0.009897507595000002,
            "count": 18
        },
        "DefenseAgent.Policy.Beta.sum": {
            "value": 0.008155611234999999,
            "min": 0.008155611234999999,
            "max": 0.009897507595000002,
            "count": 18
        }
    },
    "metadata": {
        "timer_format_version": "0.1.0",
        "start_time_seconds": "1690893985",
        "python_version": "3.9.13 (tags/v3.9.13:6de2ca5, May 17 2022, 16:36:42) [MSC v.1929 64 bit (AMD64)]",
        "command_line_arguments": "F:\\MLAgents_Unity\\venv\\Scripts\\mlagents-learn config\\DefenseAI_PPO.yaml --env=TrainingsEnvs/UnityTemplateTD --num-envs=8 --run-id=Defense_AI_Simple --force",
        "mlagents_version": "0.30.0",
        "mlagents_envs_version": "0.30.0",
        "communication_protocol_version": "1.5.0",
        "pytorch_version": "1.7.1+cu110",
        "numpy_version": "1.21.2",
        "end_time_seconds": "1690897983"
    },
    "total": 3997.927135,
    "count": 1,
    "self": 0.06759400000009919,
    "children": {
        "run_training.setup": {
            "total": 0.6998589,
            "count": 1,
            "self": 0.6998589
        },
        "TrainerController.start_learning": {
            "total": 3997.1596821,
            "count": 1,
            "self": 2.4835591000587556,
            "children": {
                "TrainerController._reset_env": {
                    "total": 10.9573642,
                    "count": 1,
                    "self": 10.9573642
                },
                "TrainerController.advance": {
                    "total": 3983.257752699941,
                    "count": 53329,
                    "self": 1.7696126998512227,
                    "children": {
                        "env_step": {
                            "total": 2778.024123700042,
                            "count": 53329,
                            "self": 149.94340550011702,
                            "children": {
                                "SubprocessEnvManager._take_step": {
                                    "total": 2625.86760789996,
                                    "count": 372543,
                                    "self": 31.560801899964645,
                                    "children": {
                                        "TorchPolicy.evaluate": {
                                            "total": 2594.3068059999955,
                                            "count": 371708,
                                            "self": 2594.3068059999955
                                        }
                                    }
                                },
                                "workers": {
                                    "total": 2.213110299964878,
                                    "count": 53328,
                                    "self": 0.0,
                                    "children": {
                                        "worker_root": {
                                            "total": 31903.579548799036,
                                            "count": 372540,
                                            "is_parallel": true,
                                            "self": 30463.119316898945,
                                            "children": {
                                                "steps_from_proto": {
                                                    "total": 0.0045847999999999445,
                                                    "count": 8,
                                                    "is_parallel": true,