{
    "name": "root",
    "gauges": {
        "DefenseAgent.Policy.Entropy.mean": {
            "value": 2.5487682819366455,
            "min": 2.5162205696105957,
            "max": 2.6463167667388916,
            "count": 26
        },
        "DefenseAgent.Policy.Entropy.sum": {
            "value": 152852.1875,
            "min": 151107.328125,
            "max": 158988.65625,
            "count": 26
        },
        "DefenseAgent.Step.mean": {
            "value": 1559994.0,
            "min": 59982.0,
            "max": 1559994.0,
            "count": 26
        },
        "DefenseAgent.Step.sum": {
            "value": 1559994.0,
            "min": 59982.0,
            "max": 1559994.0,
            "count": 26
        },
        "DefenseAgent.Policy.ExtrinsicValueEstimate.mean": {
            "value": 0.2634330093860626,
            "min": 0.1831105798482895,
            "max": 0.2802114486694336,
            "count": 26
        },
        "DefenseAgent.Policy.ExtrinsicValueEstimate.sum": {
            "value": 264.75018310546875,
            "min": 184.02613830566406,
            "max": 281.6125183105469,
            "count": 26
        },
        "DefenseAgent.Environment.EpisodeLength.mean": {
            "value": 303.1313131313131,
            "min": 280.21495327102804,
            "max": 323.9076086956522,
            "count": 26
        },
        "DefenseAgent.Environment.EpisodeLength.sum": {
            "value": 60020.0,
            "min": 59008.0,
            "max": 60487.0,
            "count": 26
        },
        "DefenseAgent.Environment.CumulativeReward.mean": {
            "value": 0.5431472081218274,
            "min": 0.37383177570093457,
            "max": 0.7065217391304348,
            "count": 26
        },
        "DefenseAgent.Environment.CumulativeReward.sum": {
            "value": 107.0,
            "min": 80.0,
            "max": 130.0,
            "count": 26
        },
        "DefenseAgent.Policy.ExtrinsicReward.mean": {
            "value": 0.5431472081218274,
            "min": 0.37383177570093457,
            "max": 0.7065217391304348,
            "count": 26
        },
        "DefenseAgent.Policy.ExtrinsicReward.sum": {
            "value": 107.0,
            "min": 80.0,
            "max": 130.0,
            "count": 26
        },
        "DefenseAgent.Losses.PolicyLoss.mean": {
            "value": 0.017125073170265955,
            "min": 0.014662092141225004,
            "max": 0.020110892588531392,
            "count": 26
        },
        "DefenseAgent.Losses.PolicyLoss.sum": {
            "value": 0.05137521951079786,
            "min": 0.030730705633883797,
            "max": 0.06033267776559418,
            "count": 26
        },
        "DefenseAgent.Losses.ValueLoss.mean": {
            "value": 0.007841513668083482,
            "min": 0.0071628763340413565,
            "max": 0.04260849384590983,
            "count": 26
        },
        "DefenseAgent.Losses.ValueLoss.sum": {
            "value": 0.023524541004250447,
            "min": 0.020093755579243103,
            "max": 0.08521698769181967,
            "count": 26
        },
        "DefenseAgent.Policy.LearningRate.mean": {
            "value": 6.924502691834999e-05,
            "min": 6.924502691834999e-05,
            "max": 0.00029538915153694994,
            "count": 26
        },
        "DefenseAgent.Policy.LearningRate.sum": {
            "value": 0.00020773508075504996,
            "min": 0.00020773508075504996,
            "max": 0.0008630910123030001,
            "count": 26
        },
        "DefenseAgent.Policy.Epsilon.mean": {
            "value": 0.12308165,
            "min": 0.12308165,
            "max": 0.19846305,
            "count": 26
        },
        "DefenseAgent.Policy.Epsilon.sum": {
            "value": 0.36924495,
            "min": 0.31897195000000006,
            "max": 0.5876970000000001,
            "count": 26
        },
        "DefenseAgent.Policy.Beta.mean": {
            "value": 0.002315856835,
            "min": 0.002315856835,
            "max": 0.009846458695,
            "count": 26
        },
        "DefenseAgent.Policy.Beta.sum": {
            "value": 0.006947570504999999,
            "min": 0.006947570504999999,
            "max": 0.0287709303,
            "count": 26
        },
        "DefenseAgent.IsTraining.mean": {
            "value": 1.0,
            "min": 1.0,
            "max": 1.0,
            "count": 26
        },
        "DefenseAgent.IsTraining.sum": {
            "value": 1.0,
            "min": 1.0,
            "max": 1.0,
            "count": 26
        }
    },
    "metadata": {
        "timer_format_version": "0.1.0",
        "start_time_seconds": "1690984078",
        "python_version": "3.9.13 (tags/v3.9.13:6de2ca5, May 17 2022, 16:36:42) [MSC v.1929 64 bit (AMD64)]",
        "command_line_arguments": "F:\\MLAgents_Unity\\venv\\Scripts\\mlagents-learn config\\DefenseAI_PPO.yaml --env=TrainingsEnvs/TypeAndPlacing/UnityTemplateTD --num-envs=6 --run-id=Defense_AI_Simple --force",
        "mlagents_version": "0.30.0",
        "mlagents_envs_version": "0.30.0",
        "communication_protocol_version": "1.5.0",
        "pytorch_version": "1.7.1+cu110",
        "numpy_version": "1.21.2",
        "end_time_seconds": "1690995017"
    },
    "total": 10938.771759,
    "count": 1,
    "self": 0.771989200000462,
    "children": {
        "run_training.setup": {
            "total": 0.4689554,
            "count": 1,
            "self": 0.4689554
        },
        "TrainerController.start_learning": {
            "total": 10937.5308144,
            "count": 1,
            "self": 12.305265600129133,
            "children": {
                "TrainerController._reset_env": {
                    "total": 11.0546391,
                    "count": 1,
                    "self": 11.0546391
                },
                "TrainerController.advance": {
                    "total": 10913.84190019987,
                    "count": 318725,
                    "self": 6.976596599448385,
                    "children": {
                        "env_step": {
                            "total": 10206.00258720027,
                            "count": 318725,
                            "self": 522.0787166993086,
                            "children": {
                                "SubprocessEnvManager._take_step": {
                                    "total": 9675.303399000712,
                                    "count": 1576623,
                                    "self": 106.29485820126138,
                                    "children": {
                                        "TorchPolicy.evaluate": {
                                            "total": 9569.00854079945,
                                            "count": 1572528,
                                            "self": 9569.00854079945
                                        }
                                    }
                                },
                                "workers": {
                                    "total": 8.620471500249451,
                                    "count": 318724,
                                    "self": 0.0,
                                    "children": {
                                        "worker_root": {
                                            "total": 65522.19389179933,
                                            "count": 1576618,
                                            "is_parallel": true,
                                            "self": 59991.82074859978,
                                            "children": {
                                                "steps_from_proto": {
                                                    "total": 0.0028854000000020363,
                                                    "count": 6,
                                                    "is_parallel": true,