{
    "name": "root",
    "gauges": {
        "DefenseAgent.Policy.Entropy.mean": {
            "value": 2.3532121181488037,
            "min": 2.3532121181488037,
            "max": 2.3944668769836426,
            "count": 10
        },
        "DefenseAgent.Policy.Entropy.sum": {
            "value": 23181.4921875,
            "min": 23181.4921875,
            "max": 24205.666015625,
            "count": 10
        },
        "DefenseAgent.Step.mean": {
            "value": 99952.0,
            "min": 9937.0,
            "max": 99952.0,
            "count": 10
        },
        "DefenseAgent.Step.sum": {
            "value": 99952.0,
            "min": 9937.0,
            "max": 99952.0,
            "count": 10
        },
        "DefenseAgent.Policy.ExtrinsicValue.mean": {
            "value": -0.10967611521482468,
            "min": -0.12698578834533691,
            "max": 0.11232849210500717,
            "count": 10
        },
        "DefenseAgent.Policy.ExtrinsicValue.sum": {
            "value": -18.096559524536133,
            "min": -21.079641342163086,
            "max": 18.421873092651367,
            "count": 10
        },
        "DefenseAgent.Losses.PolicyLoss.mean": {
            "value": 0.20757012730204272,
            "min": -0.48422523435069564,
            "max": 0.22173103817995035,
            "count": 10
        },
        "DefenseAgent.Losses.PolicyLoss.sum": {
            "value": 206.73984679283456,
            "min": -480.83565771024075,
            "max": 221.73103817995036,
            "count": 10
        },
        "DefenseAgent.Losses.ValueLoss.mean": {
            "value": 6.427258631085074e-05,
            "min": 5.750323599818993e-05,
            "max": 0.0018746805604544182,
            "count": 10
        },
        "DefenseAgent.Losses.ValueLoss.sum": {
            "value": 0.06401549596560734,
            "min": 0.05779075217818088,
            "max": 1.8615577965312373,
            "count": 10
        },
        "DefenseAgent.Losses.Q1Loss.mean": {
            "value": 0.0016871635976548757,
            "min": 0.0012548091620110148,
            "max": 0.0042746245961138045,
            "count": 10
        },
        "DefenseAgent.Losses.Q1Loss.sum": {
            "value": 1.6804149432642561,
            "min": 1.262338016983081,
            "max": 4.244702223941008,
            "count": 10
        },
        "DefenseAgent.Losses.Q2Loss.mean": {
            "value": 0.0016844895933139884,
            "min": 0.0012531253640777366,
            "max": 0.003502001121599605,
            "count": 10
        },
        "DefenseAgent.Losses.Q2Loss.sum": {
            "value": 1.6777516349407324,
            "min": 1.260644116262203,
            "max": 3.477487113748408,
            "count": 10
        },
        "DefenseAgent.Policy.DiscreteEntropyCoeff.mean": {
            "value": 0.005844966820127697,
            "min": 0.005844966820127697,
            "max": 0.08650297382826429,
            "count": 10
        },
        "DefenseAgent.Policy.DiscreteEntropyCoeff.sum": {
            "value": 5.821586952847186,
            "min": 5.821586952847186,
            "max": 85.89745301146644,
            "count": 10
        },
        "DefenseAgent.Policy.ContinuousEntropyCoeff.mean": {
            "value": 0.005812414003468429,
            "min": 0.005812414003468429,
            "max": 0.08649719246046761,
            "count": 10
        },
        "DefenseAgent.Policy.ContinuousEntropyCoeff.sum": {
            "value": 5.789164347454555,
            "min": 5.789164347454555,
            "max": 85.89171211324434,
            "count": 10
        },
        "DefenseAgent.Policy.LearningRate.mean": {
            "value": 0.0003,
            "min": 0.0002999999999999999,
            "max": 0.0003,
            "count": 10
        },
        "DefenseAgent.Policy.LearningRate.sum": {
            "value": 0.29879999999999995,
            "min": 0.29789999999999994,
            "max": 0.30179999999999996,
            "count": 10
        },
        "DefenseAgent.Environment.EpisodeLength.mean": {
            "value": 360.6296296296296,
            "min": 321.5,
            "max": 360.6296296296296,
            "count": 10
        },
        "DefenseAgent.Environment.EpisodeLength.sum": {
            "value": 9737.0,
            "min": 9271.0,
            "max": 10406.0,
            "count": 10
        },
        "DefenseAgent.Environment.CumulativeReward.mean": {
            "value": 1.0,
            "min": 0.4666666666666667,
            "max": 1.0,
            "count": 10
        },
        "DefenseAgent.Environment.CumulativeReward.sum": {
            "value": 27.0,
            "min": 14.0,
            "max": 28.0,
            "count": 10
        },
        "DefenseAgent.Policy.ExtrinsicReward.mean": {
            "value": 1.0,
            "min": 0.4666666666666667,
            "max": 1.0,
            "count": 10
        },
        "DefenseAgent.Policy.ExtrinsicReward.sum": {
            "value": 27.0,
            "min": 14.0,
            "max": 28.0,
            "count": 10
        },
        "DefenseAgent.IsTraining.mean": {
            "value": 1.0,
            "min": 1.0,
            "max": 1.0,
            "count": 10
        },
        "DefenseAgent.IsTraining.sum": {
            "value": 1.0,
            "min": 1.0,
            "max": 1.0,
            "count": 10
        }
    },
    "metadata": {
        "timer_format_version": "0.1.0",
        "start_time_seconds": "1690377598",
        "python_version": "3.9.13 (tags/v3.9.13:6de2ca5, May 17 2022, 16:36:42) [MSC v.1929 64 bit (AMD64)]",
        "command_line_arguments": "F:\\MLAgents_Unity\\venv\\Scripts\\mlagents-learn config\\DefenseAI_SAC.yaml --env=TrainingsEnvs/UnityTemplateTD --num-envs=5 --run-id=Defense_AI_Simple --force",
        "mlagents_version": "0.30.0",
        "mlagents_envs_version": "0.30.0",
        "communication_protocol_version": "1.5.0",
        "pytorch_version": "1.7.1+cu110",
        "numpy_version": "1.21.2",
        "end_time_seconds": "1690379327"
    },
    "total": 1729.2772016,
    "count": 1,
    "self": 0.1968427999997857,
    "children": {
        "run_training.setup": {
            "total": 0.3865589999999999,
            "count": 1,
            "self": 0.3865589999999999
        },
        "TrainerController.start_learning": {
            "total": 1728.6937998,
            "count": 1,
            "self": 0.8209443999878658,
            "children": {
                "TrainerController._reset_env": {
                    "total": 8.179414399999999,
                    "count": 1,
                    "self": 8.179414399999999
                },
                "TrainerController.advance": {
                    "total": 1719.0811150000122,
                    "count": 26022,
                    "self": 0.5354243000110728,
                    "children": {
                        "env_step": {
                            "total": 737.1264164000085,
                            "count": 26022,
                            "self": 36.72036779995722,
                            "children": {
                                "SubprocessEnvManager._take_step": {
                                    "total": 699.7947150000493,
                                    "count": 103713,
                                    "self": 8.067046900001742,
                                    "children": {
                                        "TorchPolicy.evaluate": {
                                            "total": 691.7276681000476,
                                            "count": 103469,
                                            "self": 691.7276681000476
                                        }
                                    }
                                },
                                "workers": {
                                    "total": 0.6113336000018421,
                                    "count": 26022,