{
    "name": "root",
    "gauges": {
        "DefenseAgent.Policy.Entropy.mean": {
            "value": 2.5732078552246094,
            "min": 2.426776647567749,
            "max": 2.579965591430664,
            "count": 43
        },
        "DefenseAgent.Policy.Entropy.sum": {
            "value": 25919.921875,
            "min": 24160.64453125,
            "max": 25919.921875,
            "count": 43
        },
        "DefenseAgent.Step.mean": {
            "value": 429947.0,
            "min": 9981.0,
            "max": 429947.0,
            "count": 43
        },
        "DefenseAgent.Step.sum": {
            "value": 429947.0,
            "min": 9981.0,
            "max": 429947.0,
            "count": 43
        },
        "DefenseAgent.Policy.ExtrinsicValueEstimate.mean": {
            "value": 0.22748474776744843,
            "min": -0.39263951778411865,
            "max": 0.23689061403274536,
            "count": 43
        },
        "DefenseAgent.Policy.ExtrinsicValueEstimate.sum": {
            "value": 37.989952087402344,
            "min": -65.57080078125,
            "max": 39.79762268066406,
            "count": 43
        },
        "DefenseAgent.Environment.EpisodeLength.mean": {
            "value": 310.5483870967742,
            "min": 264.8378378378378,
            "max": 342.5,
            "count": 43
        },
        "DefenseAgent.Environment.EpisodeLength.sum": {
            "value": 9627.0,
            "min": 8672.0,
            "max": 10882.0,
            "count": 43
        },
        "DefenseAgent.Environment.CumulativeReward.mean": {
            "value": 0.6129032258064516,
            "min": 0.24324324324324326,
            "max": 0.8571428571428571,
            "count": 43
        },
        "DefenseAgent.Environment.CumulativeReward.sum": {
            "value": 19.0,
            "min": 9.0,
            "max": 24.0,
            "count": 43
        },
        "DefenseAgent.Policy.ExtrinsicReward.mean": {
            "value": 0.6129032258064516,
            "min": 0.24324324324324326,
            "max": 0.8571428571428571,
            "count": 43
        },
        "DefenseAgent.Policy.ExtrinsicReward.sum": {
            "value": 19.0,
            "min": 9.0,
            "max": 24.0,
            "count": 43
        },
        "DefenseAgent.IsTraining.mean": {
            "value": 1.0,
            "min": 1.0,
            "max": 1.0,
            "count": 43
        },
        "DefenseAgent.IsTraining.sum": {
            "value": 1.0,
            "min": 1.0,
            "max": 1.0,
            "count": 43
        },
        "DefenseAgent.Losses.PolicyLoss.mean": {
            "value": 0.016193298258197805,
            "min": 0.011448645410564496,
            "max": 0.020055960099368046,
            "count": 20
        },
        "DefenseAgent.Losses.PolicyLoss.sum": {
            "value": 0.016193298258197805,
            "min": 0.011448645410564496,
            "max": 0.020055960099368046,
            "count": 20
        },
        "DefenseAgent.Losses.ValueLoss.mean": {
            "value": 0.009388450843592485,
            "min": 0.009388450843592485,
            "max": 0.12826048992574215,
            "count": 20
        },
        "DefenseAgent.Losses.ValueLoss.sum": {
            "value": 0.009388450843592485,
            "min": 0.009388450843592485,
            "max": 0.12826048992574215,
            "count": 20
        },
        "DefenseAgent.Policy.LearningRate.mean": {
            "value": 0.00023845997051335003,
            "min": 0.00023845997051335003,
            "max": 0.0002969190010269999,
            "count": 20
        },
        "DefenseAgent.Policy.LearningRate.sum": {
            "value": 0.00023845997051335003,
            "min": 0.00023845997051335003,
            "max": 0.0002969190010269999,
            "count": 20
        },
        "DefenseAgent.Policy.Epsilon.mean": {
            "value": 0.17948665000000005,
            "min": 0.17948665000000005,
            "max": 0.19897299999999993,
            "count": 20
        },
        "DefenseAgent.Policy.Epsilon.sum": {
            "value": 0.17948665000000005,
            "min": 0.17948665000000005,
            "max": 0.19897299999999993,
            "count": 20
        },
        "DefenseAgent.Policy.Beta.mean": {
            "value": 0.007950716335,
            "min": 0.007950716335,
            "max": 0.0098974027,
            "count": 20
        },
        "DefenseAgent.Policy.Beta.sum": {
            "value": 0.007950716335,
            "min": 0.007950716335,
            "max": 0.0098974027,
            "count": 20
        }
    },
    "metadata": {
        "timer_format_version": "0.1.0",
        "start_time_seconds": "1690974725",
        "python_version": "3.9.13 (tags/v3.9.13:6de2ca5, May 17 2022, 16:36:42) [MSC v.1929 64 bit (AMD64)]",
        "command_line_arguments": "F:\\MLAgents_Unity\\venv\\Scripts\\mlagents-learn config\\DefenseAI_PPO.yaml --env=TrainingsEnvs/TowerSwitchTrained/UnityTemplateTD --num-envs=6 --initialize-from=Defense_AI_Simple --run-id=Defense_AI_TowerSwitchTrained --force",
        "mlagents_version": "0.30.0",
        "mlagents_envs_version": "0.30.0",
        "communication_protocol_version": "1.5.0",
        "pytorch_version": "1.7.1+cu110",
        "numpy_version": "1.21.2",
        "end_time_seconds": "1690978285"
    },
    "total": 3559.8245546000003,
    "count": 1,
    "self": 0.669039000000339,
    "children": {
        "run_training.setup": {
            "total": 0.44215610000000005,
            "count": 1,
            "self": 0.44215610000000005
        },
        "TrainerController.start_learning": {
            "total": 3558.7133595,
            "count": 1,
            "self": 3.903475599979174,
            "children": {
                "TrainerController._reset_env": {
                    "total": 10.914626799999999,
                    "count": 1,
                    "self": 10.914626799999999
                },
                "TrainerController.advance": {
                    "total": 3543.5523266000214,
                    "count": 87332,
                    "self": 2.1897473000276477,
                    "children": {
                        "env_step": {
                            "total": 3320.921373200039,
                            "count": 87332,
                            "self": 150.4847167999137,
                            "children": {
                                "SubprocessEnvManager._take_step": {
                                    "total": 3168.0347036001335,
                                    "count": 432876,
                                    "self": 32.50883850007722,
                                    "children": {
                                        "TorchPolicy.evaluate": {
                                            "total": 3135.5258651000563,
                                            "count": 431746,
                                            "self": 3135.5258651000563
                                        }
                                    }
                                },
                                "workers": {
                                    "total": 2.401952799991495,
                                    "count": 87331,
                                    "self": 0.0,
                                    "children": {
                                        "worker_root": {
                                            "total": 21282.694578899238,
                                            "count": 432870,
                                            "is_parallel": true,
                                            "self": 19698.839260099438,
                                            "children": {
                                                "steps_from_proto": {
                                                    "total": 0.003494700000000961,
                                                    "count": 6,