{"cameraMode":{"drawMode":0,"name":"Shaded","section":"Shading Mode"},"sceneLighting":true,"audioPlay":false,"sceneViewState":{"m_AlwaysRefresh":false,"showFog":true,"showSkybox":true,"showFlares":true,"showImageEffects":true,"showParticleSystems":true,"showVisualEffectGraphs":true,"m_FxEnabled":true},"in2DMode":false,"pivot":{"x":-8.362166404724121,"y":13.048614501953125,"z":-14.829276084899903},"rotation":{"x":0.3502507209777832,"y":0.06507819145917893,"z":-0.024683017283678056,"w":0.9339281320571899},"size":6.805328845977783,"orthographic":false}