{"cameraMode":{"drawMode":0,"name":"Shaded","section":"Shading Mode"},"sceneLighting":true,"audioPlay":false,"sceneViewState":{"m_AlwaysRefresh":false,"showFog":true,"showSkybox":true,"showFlares":true,"showImageEffects":true,"showParticleSystems":true,"showVisualEffectGraphs":true,"m_FxEnabled":true},"in2DMode":false,"pivot":{"x":10.463930130004883,"y":3.5556552410125734,"z":2.4528098106384279},"rotation":{"x":-0.17826594412326814,"y":0.2048843801021576,"z":-0.03797585889697075,"w":-0.9615375399589539},"size":0.530330240726471,"orthographic":false}