{"cameraMode":{"drawMode":0,"name":"Shaded","section":"Shading Mode"},"sceneLighting":false,"audioPlay":false,"sceneViewState":{"m_AlwaysRefresh":false,"showFog":true,"showSkybox":false,"showFlares":true,"showImageEffects":true,"showParticleSystems":true,"showVisualEffectGraphs":true,"m_FxEnabled":true},"in2DMode":false,"pivot":{"x":0.21962220966815949,"y":2.031604766845703,"z":2.4542453289031984},"rotation":{"x":0.39975839853286745,"y":0.0032563062850385906,"z":-0.0017055668868124486,"w":0.9164702296257019},"size":4.062019348144531,"orthographic":false}