{"cameraMode":{"drawMode":0,"name":"Shaded","section":"Shading Mode"},"sceneLighting":true,"audioPlay":false,"sceneViewState":{"m_AlwaysRefresh":false,"showFog":true,"showSkybox":true,"showFlares":true,"showImageEffects":true,"showParticleSystems":true,"showVisualEffectGraphs":true,"m_FxEnabled":true},"in2DMode":false,"pivot":{"x":17.180927276611329,"y":5.798546314239502,"z":-4.9350080490112309},"rotation":{"x":-0.29258206486701968,"y":0.0487028993666172,"z":-0.014995486475527287,"w":-0.9549347758293152},"size":2.5609323978424074,"orthographic":false}