{
    "name": "root",
    "gauges": {
        "DefenseAgent.Policy.Entropy.mean": {
            "value": 2.5972821712493896,
            "min": 2.454677104949951,
            "max": 2.6003451347351074,
            "count": 64
        },
        "DefenseAgent.Policy.Entropy.sum": {
            "value": 25952.04296875,
            "min": 19789.7265625,
            "max": 26110.06640625,
            "count": 64
        },
        "DefenseAgent.Step.mean": {
            "value": 999981.0,
            "min": 369943.0,
            "max": 999981.0,
            "count": 64
        },
        "DefenseAgent.Step.sum": {
            "value": 999981.0,
            "min": 369943.0,
            "max": 999981.0,
            "count": 64
        },
        "DefenseAgent.Policy.ExtrinsicValueEstimate.mean": {
            "value": -0.12817463278770447,
            "min": -0.18590985238552094,
            "max": -0.06905684620141983,
            "count": 64
        },
        "DefenseAgent.Policy.ExtrinsicValueEstimate.sum": {
            "value": -23.199607849121094,
            "min": -34.95136642456055,
            "max": -12.844573974609375,
            "count": 64
        },
        "DefenseAgent.Environment.EpisodeLength.mean": {
            "value": 260.2631578947368,
            "min": 170.60344827586206,
            "max": 267.2432432432432,
            "count": 64
        },
        "DefenseAgent.Environment.EpisodeLength.sum": {
            "value": 9890.0,
            "min": 7707.0,
            "max": 10363.0,
            "count": 64
        },
        "DefenseAgent.Environment.CumulativeReward.mean": {
            "value": -0.48717948717948717,
            "min": -0.8857142857142857,
            "max": -0.38461538461538464,
            "count": 64
        },
        "DefenseAgent.Environment.CumulativeReward.sum": {
            "value": -19.0,
            "min": -46.0,
            "max": -15.0,
            "count": 64
        },
        "DefenseAgent.Policy.ExtrinsicReward.mean": {
            "value": -0.48717948717948717,
            "min": -0.8857142857142857,
            "max": -0.38461538461538464,
            "count": 64
        },
        "DefenseAgent.Policy.ExtrinsicReward.sum": {
            "value": -19.0,
            "min": -46.0,
            "max": -15.0,
            "count": 64
        },
        "DefenseAgent.IsTraining.mean": {
            "value": 1.0,
            "min": 1.0,
            "max": 1.0,
            "count": 64
        },
        "DefenseAgent.IsTraining.sum": {
            "value": 1.0,
            "min": 1.0,
            "max": 1.0,
            "count": 64
        },
        "DefenseAgent.Losses.PolicyLoss.mean": {
            "value": 0.024579921600040203,
            "min": 0.014015136247811219,
            "max": 0.031310883672752726,
            "count": 62
        },
        "DefenseAgent.Losses.PolicyLoss.sum": {
            "value": 0.024579921600040203,
            "min": 0.014015136247811219,
            "max": 0.031310883672752726,
            "count": 62
        },
        "DefenseAgent.Losses.ValueLoss.mean": {
            "value": 0.023481615198155243,
            "min": 0.018087567357967297,
            "max": 0.032822204381227495,
            "count": 62
        },
        "DefenseAgent.Losses.ValueLoss.sum": {
            "value": 0.023481615198155243,
            "min": 0.018087567357967297,
            "max": 0.032822204381227495,
            "count": 62
        },
        "DefenseAgent.Policy.LearningRate.mean": {
            "value": 0.00015014884995040006,
            "min": 0.00015014884995040006,
            "max": 0.00024414976861675,
            "count": 62
        },
        "DefenseAgent.Policy.LearningRate.sum": {
            "value": 0.00015014884995040006,
            "min": 0.00015014884995040006,
            "max": 0.00024414976861675,
            "count": 62
        },
        "DefenseAgent.Policy.Epsilon.mean": {
            "value": 0.1500496,
            "min": 0.1500496,
            "max": 0.18138324999999994,
            "count": 62
        },
        "DefenseAgent.Policy.Epsilon.sum": {
            "value": 0.1500496,
            "min": 0.1500496,
            "max": 0.18138324999999994,
            "count": 62
        },
        "DefenseAgent.Policy.Beta.mean": {
            "value": 0.005009955040000003,
            "min": 0.005009955040000003,
            "max": 0.008140186674999998,
            "count": 62
        },
        "DefenseAgent.Policy.Beta.sum": {
            "value": 0.005009955040000003,
            "min": 0.005009955040000003,
            "max": 0.008140186674999998,
            "count": 62
        }
    },
    "metadata": {
        "timer_format_version": "0.1.0",
        "start_time_seconds": "1689338697",
        "python_version": "3.9.13 (tags/v3.9.13:6de2ca5, May 17 2022, 16:36:42) [MSC v.1929 64 bit (AMD64)]",
        "command_line_arguments": "F:\\MLAgents_Unity\\venv\\Scripts\\mlagents-learn config\\DefenseAI.yaml --run-id=Defense_AI --resume",
        "mlagents_version": "0.30.0",
        "mlagents_envs_version": "0.30.0",
        "communication_protocol_version": "1.5.0",
        "pytorch_version": "1.7.1+cu110",
        "numpy_version": "1.21.2",
        "end_time_seconds": "1689349507"
    },
    "total": 10810.049037199999,
    "count": 1,
    "self": 0.006249399997614091,
    "children": {
        "run_training.setup": {
            "total": 0.08809040000000001,
            "count": 1,
            "self": 0.08809040000000001
        },
        "TrainerController.start_learning": {
            "total": 10809.9546974,
            "count": 1,
            "self": 11.796579700465372,
            "children": {
                "TrainerController._reset_env": {
                    "total": 7.721591200000001,
                    "count": 1,
                    "self": 7.721591200000001
                },
                "TrainerController.advance": {
                    "total": 10790.200100999535,
                    "count": 641179,
                    "self": 9.361825799473081,
                    "children": {
                        "env_step": {
                            "total": 10310.303691900108,
                            "count": 641179,
                            "self": 7050.245160400411,
                            "children": {
                                "SubprocessEnvManager._take_step": {
                                    "total": 3252.6814033995333,
                                    "count": 641179,
                                    "self": 29.660188198525248,
                                    "children": {
                                        "TorchPolicy.evaluate": {
                                            "total": 3223.021215201008,
                                            "count": 638822,
                                            "self": 3223.021215201008
                                        }
                                    }
                                },
                                "workers": {
                                    "total": 7.377128100163413,
                                    "count": 641178,
                                    "self": 0.0,
                                    "children": {
                                        "worker_root": {
                                            "total": 10788.757090700341,
                                            "count": 641178,
                                            "is_parallel": true,
                                            "self": 4301.348472500445,