{"cameraMode":{"drawMode":0,"name":"Shaded","section":"Shading Mode"},"sceneLighting":false,"audioPlay":false,"sceneViewState":{"m_AlwaysRefresh":false,"showFog":true,"showSkybox":false,"showFlares":true,"showImageEffects":true,"showParticleSystems":true,"showVisualEffectGraphs":true,"m_FxEnabled":true},"in2DMode":false,"pivot":{"x":1.137452483177185,"y":0.5224239826202393,"z":-0.9452893137931824},"rotation":{"x":0.11514423042535782,"y":-0.35035163164138796,"z":0.043212827295064929,"w":0.928362250328064},"size":0.5303301215171814,"orthographic":false}